name,gitUrl,commitID,repoName
Vatavuk:excel-io,https://github.com/Vatavuk/excel-io.git,4d1f3a3,excel-io
eBay:cors-filter,https://github.com/eBay/cors-filter.git,f782f4c,cors-filter
martin-lizner:trezor-ssh-agent,https://github.com/martin-lizner/trezor-ssh-agent.git,facdd7a,trezor-ssh-agent
jbaliuka:x4j-analytic,https://github.com/jbaliuka/x4j-analytic.git,a518292,x4j-analytic
spotify:semantic-metrics,https://github.com/spotify/semantic-metrics.git,6facc51,semantic-metrics
wouterd:docker-maven-plugin,https://github.com/wouterd/docker-maven-plugin.git,ea15f9e,docker-maven-plugin
getheimdall:heimdall,https://github.com/getheimdall/heimdall.git,22832105,heimdall
geosolutions-it:jai-ext,https://github.com/geosolutions-it/jai-ext.git,5b9c28c6,jai-ext
aditzel:spring-security-csrf-filter,https://github.com/aditzel/spring-security-csrf-filter.git,341a210,spring-security-csrf-filter
mybatis:spring-boot-starter,https://github.com/mybatis/spring-boot-starter.git,a1696f5,spring-boot-starter
xuminwlt:j360-tools,https://github.com/xuminwlt/j360-tools.git,2c9a71d,j360-tools
difi:oxalis,https://github.com/difi/oxalis.git,4331b1a6,oxalis
hotchemi:LruCache,https://github.com/hotchemi/LruCache.git,4105392,LruCache
yrucrew:ssm-demo,https://github.com/yrucrew/ssm-demo.git,aa178c3,ssm-demo
atteo:xml-combiner,https://github.com/atteo/xml-combiner.git,b9f92b6,xml-combiner
americanexpress:nodes,https://github.com/americanexpress/nodes.git,9bc0d44,nodes
petterobam:database-oop,https://github.com/petterobam/database-oop.git,14fdfd9,database-oop
casbin:jcasbin,https://github.com/casbin/jcasbin.git,2090f14,jcasbin
zeroturnaround:maven-jrebel-plugin,https://github.com/zeroturnaround/maven-jrebel-plugin.git,f0952d8,maven-jrebel-plugin
smooks:smooks,https://github.com/smooks/smooks.git,7a6d7a6,smooks
phiz71:vertx-swagger,https://github.com/phiz71/vertx-swagger.git,11437ef,vertx-swagger
zalando:problem-spring-web,https://github.com/zalando/problem-spring-web.git,8cf7a54,problem-spring-web
RankSys:RankSys,https://github.com/RankSys/RankSys.git,b17d20c,RankSys
FasterXML:jackson-dataformat-xml,https://github.com/FasterXML/jackson-dataformat-xml.git,583a3bd,jackson-dataformat-xml
toolbox4minecraft:amidst,https://github.com/toolbox4minecraft/amidst.git,7bfc49e4,amidst
ashwanthkumar:slack-java-webhook,https://github.com/ashwanthkumar/slack-java-webhook.git,92f4611,slack-java-webhook
SonarSource:sonar-php,https://github.com/SonarSource/sonar-php.git,e1a168e4,sonar-php
gwtbootstrap3:gwtbootstrap3,https://github.com/gwtbootstrap3/gwtbootstrap3.git,d6f887a,gwtbootstrap3
davidpelfree:sjxlsx,https://github.com/davidpelfree/sjxlsx.git,3b0dff6,sjxlsx
neoremind:dynamic-proxy,https://github.com/neoremind/dynamic-proxy.git,bedb8b2,dynamic-proxy
mojohaus:animal-sniffer,https://github.com/mojohaus/animal-sniffer.git,524e402,animal-sniffer
pierredavidbelanger:logback-awslogs-appender,https://github.com/pierredavidbelanger/logback-awslogs-appender.git,85a8fb4,logback-awslogs-appender
sachin-handiekar:jInstagram,https://github.com/sachin-handiekar/jInstagram.git,82834b0,jInstagram
zeroturnaround:zt-process-killer,https://github.com/zeroturnaround/zt-process-killer.git,b02d236,zt-process-killer
jcabi:jcabi-manifests,https://github.com/jcabi/jcabi-manifests.git,d294526,jcabi-manifests
centic9:jgit-cookbook,https://github.com/centic9/jgit-cookbook.git,f2c2338,jgit-cookbook
dropwizard:dropwizard-flyway,https://github.com/dropwizard/dropwizard-flyway.git,f8e0d94,dropwizard-flyway
vitalidze:chromecast-java-api-v2,https://github.com/vitalidze/chromecast-java-api-v2.git,88a72dd,chromecast-java-api-v2
jcgay:maven-color,https://github.com/jcgay/maven-color.git,9a55fd0,maven-color
simplenlg:simplenlg,https://github.com/simplenlg/simplenlg.git,b2d7613,simplenlg
tranchis:xsd2thrift,https://github.com/tranchis/xsd2thrift.git,bed6227,xsd2thrift
lukas-krecan:JsonUnit,https://github.com/lukas-krecan/JsonUnit.git,2e42281,JsonUnit
QualInsight:qualinsight-plugins-sonarqube-smell,https://github.com/QualInsight/qualinsight-plugins-sonarqube-smell.git,61c37a9,qualinsight-plugins-sonarqube-smell
jnidzwetzki:bitfinex-v2-wss-api-java,https://github.com/jnidzwetzki/bitfinex-v2-wss-api-java.git,7e385bc,bitfinex-v2-wss-api-java
neoremind:easy-mapper,https://github.com/neoremind/easy-mapper.git,372d3fa,easy-mapper
eclipse-ee4j:tyrus,https://github.com/eclipse-ee4j/tyrus.git,f6dfb47,tyrus
giltene:jHiccup,https://github.com/giltene/jHiccup.git,3895c98,jHiccup
igniterealtime:Openfire,https://github.com/igniterealtime/Openfire.git,dc639f9f2,Openfire
apache:commons-jexl,https://github.com/apache/commons-jexl.git,83456761,commons-jexl
vanilladb:vanillacore,https://github.com/vanilladb/vanillacore.git,d9a34e8,vanillacore
Blackdread:canon-sdk-java,https://github.com/Blackdread/canon-sdk-java.git,75e9ac7,canon-sdk-java
pircbotx:pircbotx,https://github.com/pircbotx/pircbotx.git,164de17f,pircbotx
OpenFeign:feign,https://github.com/OpenFeign/feign.git,2624885,feign
ferstl:depgraph-maven-plugin,https://github.com/ferstl/depgraph-maven-plugin.git,f91951f,depgraph-maven-plugin
knowm:Sundial,https://github.com/knowm/Sundial.git,3ffdb89,Sundial
johnnymongiat:oath,https://github.com/johnnymongiat/oath.git,3fea7a4,oath
jwtk:jjwt,https://github.com/jwtk/jjwt.git,bf7e300,jjwt
sudohippie:throttle,https://github.com/sudohippie/throttle.git,287def2,throttle
FasterXML:jackson-databind,https://github.com/FasterXML/jackson-databind.git,cc659ed8d,jackson-databind
nbogojevic:kafka-operator,https://github.com/nbogojevic/kafka-operator.git,4e368be,kafka-operator
patrickfav:bcrypt,https://github.com/patrickfav/bcrypt.git,2b6befe,bcrypt
addthis:stream-lib,https://github.com/addthis/stream-lib.git,5a3bc87,stream-lib
elasticjob:elastic-job-lite,https://github.com/elasticjob/elastic-job-lite.git,0f6f7f5b,elastic-job-lite
vert-x3:vertx-sync,https://github.com/vert-x3/vertx-sync.git,09eb04f,vertx-sync
openzipkin-contrib:brave-opentracing,https://github.com/openzipkin-contrib/brave-opentracing.git,56b8544,brave-opentracing
cloudevents:sdk-java,https://github.com/cloudevents/sdk-java.git,b0a6101,sdk-java
markhobson:hamcrest-compose,https://github.com/markhobson/hamcrest-compose.git,83ca6a6,hamcrest-compose
anshooarora:extentreports-java,https://github.com/anshooarora/extentreports-java.git,6111525,extentreports-java
ExpediaDotCom:adaptive-alerting,https://github.com/ExpediaDotCom/adaptive-alerting.git,4f48fef5,adaptive-alerting
rometools:rome,https://github.com/rometools/rome.git,1674074,rome
SonarSource:sonar-scanner-maven,https://github.com/SonarSource/sonar-scanner-maven.git,7570fc4,sonar-scanner-maven
paypal:sdk-core-java,https://github.com/paypal/sdk-core-java.git,42e793e,sdk-core-java
ronmamo:reflections,https://github.com/ronmamo/reflections.git,43ee4af,reflections
FasterXML:jackson-modules-java8,https://github.com/FasterXML/jackson-modules-java8.git,d1c4048,jackson-modules-java8
ltearno:hexa.tools,https://github.com/ltearno/hexa.tools.git,604c804,hexa.tools
opentracing-contrib:java-kafka-client,https://github.com/opentracing-contrib/java-kafka-client.git,a205947,java-kafka-client
mgormley:pacaya,https://github.com/mgormley/pacaya.git,786294cb,pacaya
sofastack:sofa-tracer,https://github.com/sofastack/sofa-tracer.git,00689cb,sofa-tracer
zalando:failsafe-actuator,https://github.com/zalando/failsafe-actuator.git,f04fa68,failsafe-actuator
penberg:fjord,https://github.com/penberg/fjord.git,e4acdda,fjord
osglworks:java-di,https://github.com/osglworks/java-di.git,a65dfe8,java-di
augustd:burp-suite-error-message-checks,https://github.com/augustd/burp-suite-error-message-checks.git,42a4dc5,burp-suite-error-message-checks
jsonld-java:jsonld-java,https://github.com/jsonld-java/jsonld-java.git,1bd182c,jsonld-java
cassiomolin:jersey-jwt,https://github.com/cassiomolin/jersey-jwt.git,e008115,jersey-jwt
git-commit-id:maven-git-commit-id-plugin,https://github.com/git-commit-id/maven-git-commit-id-plugin.git,49a41de,maven-git-commit-id-plugin
GoogleCloudPlatform:appengine-tck,https://github.com/GoogleCloudPlatform/appengine-tck.git,a5c504b,appengine-tck
orbisgis:cts,https://github.com/orbisgis/cts.git,1bced33,cts
OpenGamma:Strata,https://github.com/OpenGamma/Strata.git,27206d662,Strata
rcarz:jira-client,https://github.com/rcarz/jira-client.git,868a5ca,jira-client
atomix:copycat,https://github.com/atomix/copycat.git,c90b88cc,copycat
letcheng:ProxyPool,https://github.com/letcheng/ProxyPool.git,4b5144d,ProxyPool
tracee:tracee,https://github.com/tracee/tracee.git,15a68e43,tracee
jhalterman:lyra,https://github.com/jhalterman/lyra.git,ce347a6,lyra
opentracing-contrib:java-jdbc,https://github.com/opentracing-contrib/java-jdbc.git,3f91b83,java-jdbc
spotify:dataenum,https://github.com/spotify/dataenum.git,7f34285,dataenum
jdillon:mvnsh,https://github.com/jdillon/mvnsh.git,06a25d4,mvnsh
sofastack:sofa-acts,https://github.com/sofastack/sofa-acts.git,11a2591,sofa-acts
astefanutti:metrics-aspectj,https://github.com/astefanutti/metrics-aspectj.git,24fe6bb,metrics-aspectj
LWJGLX:lwjgl3-awt,https://github.com/LWJGLX/lwjgl3-awt.git,45a85af,lwjgl3-awt
ctran:TinyRadius,https://github.com/ctran/TinyRadius.git,a5b77fc,TinyRadius
FasterXML:woodstox,https://github.com/FasterXML/woodstox.git,df8d164,woodstox
SonarSource:sonar-scanner-cli,https://github.com/SonarSource/sonar-scanner-cli.git,460cee1,sonar-scanner-cli
gmr:rabbitmq-flume-plugin,https://github.com/gmr/rabbitmq-flume-plugin.git,a53a094,rabbitmq-flume-plugin
pagehelper:Mybatis-PageHelper,https://github.com/pagehelper/Mybatis-PageHelper.git,fc90181,Mybatis-PageHelper
sps:mustache-spring-view,https://github.com/sps/mustache-spring-view.git,84f7979,mustache-spring-view
searchisko:elasticsearch-river-jira,https://github.com/searchisko/elasticsearch-river-jira.git,487a9d8,elasticsearch-river-jira
QianmiOpen:dubbo-remoting-netty4,https://github.com/QianmiOpen/dubbo-remoting-netty4.git,9817f20,dubbo-remoting-netty4
mitre:HTTP-Proxy-Servlet,https://github.com/mitre/HTTP-Proxy-Servlet.git,46240b5,HTTP-Proxy-Servlet
zalando-incubator:catwatch,https://github.com/zalando-incubator/catwatch.git,27a659a,catwatch
svendiedrichsen:jollyday,https://github.com/svendiedrichsen/jollyday.git,0227015,jollyday
xiaolongzuo:everyone-java-blog,https://github.com/xiaolongzuo/everyone-java-blog.git,dcf0ac3,everyone-java-blog
hcoles:pitest,https://github.com/hcoles/pitest.git,afbc7131,pitest
apache:commons-configuration,https://github.com/apache/commons-configuration.git,14c0de75,commons-configuration
rapid7:le_java,https://github.com/rapid7/le_java.git,ab042d9,le_java
radkovo:Pdf2Dom,https://github.com/radkovo/Pdf2Dom.git,abcb6b2,Pdf2Dom
lightblue-platform:lightblue-core,https://github.com/lightblue-platform/lightblue-core.git,ff1b4b04,lightblue-core
snowflakedb:snowflake-jdbc,https://github.com/snowflakedb/snowflake-jdbc.git,669d415,snowflake-jdbc
swagger-api:swagger-socket,https://github.com/swagger-api/swagger-socket.git,116be44,swagger-socket
DarLiner:weixin-java-tools,https://github.com/DarLiner/weixin-java-tools.git,2d665723,weixin-java-tools
timgifford:maven-buildtime-extension,https://github.com/timgifford/maven-buildtime-extension.git,909d4ad,maven-buildtime-extension
aragozin:jvm-tools,https://github.com/aragozin/jvm-tools.git,86e8a81,jvm-tools
Esri:geometry-api-java,https://github.com/Esri/geometry-api-java.git,961b535,geometry-api-java
v12technology:fluxtion,https://github.com/v12technology/fluxtion.git,5e7b4ddf,fluxtion
dropwizard:metrics,https://github.com/dropwizard/metrics.git,a817c491,metrics
google:jimfs,https://github.com/google/jimfs.git,4fce17b,jimfs
ligboy:retrofit-converter-fastjson,https://github.com/ligboy/retrofit-converter-fastjson.git,66ba5dc,retrofit-converter-fastjson
wensiqun:asmsupport,https://github.com/wensiqun/asmsupport.git,8f55792,asmsupport
PhantomThief:model-view-builder,https://github.com/PhantomThief/model-view-builder.git,1c6985e,model-view-builder
fridujo:rabbitmq-mock,https://github.com/fridujo/rabbitmq-mock.git,9cfd603,rabbitmq-mock
highj:highj,https://github.com/highj/highj.git,e8169db,highj
github:maven-plugins,https://github.com/github/maven-plugins.git,8d6d493,maven-plugins
jingweno:gaffer,https://github.com/jingweno/gaffer.git,5704f4d,gaffer
mojohaus:appassembler,https://github.com/mojohaus/appassembler.git,fbea666,appassembler
geckoboard-java-api:highchart-java-api,https://github.com/geckoboard-java-api/highchart-java-api.git,66776cb,highchart-java-api
strepsirrhini-army:chaos-lemur,https://github.com/strepsirrhini-army/chaos-lemur.git,b496cd5,chaos-lemur
petterobam:mds2index.html,https://github.com/petterobam/mds2index.html.git,bdb1609,mds2index.html
fivesmallq:web-data-extractor,https://github.com/fivesmallq/web-data-extractor.git,f8fdd82,web-data-extractor
sangupta:bloomfilter,https://github.com/sangupta/bloomfilter.git,4531914,bloomfilter
apache:commons-dbcp,https://github.com/apache/commons-dbcp.git,a363906b,commons-dbcp
indexiatech:antiquity,https://github.com/indexiatech/antiquity.git,4f5cec3,antiquity
making:spring-boot-blank,https://github.com/making/spring-boot-blank.git,f70b3fe,spring-boot-blank
teamed:qulice,https://github.com/teamed/qulice.git,cea4084a,qulice
jenkinsci:java-client-api,https://github.com/jenkinsci/java-client-api.git,fe2601a,java-client-api
fizzed:stork,https://github.com/fizzed/stork.git,c35185c,stork
beijunyi:ParallelGit,https://github.com/beijunyi/ParallelGit.git,8c09df9,ParallelGit
peterchenhdu:tankbattle,https://github.com/peterchenhdu/tankbattle.git,5c5b1f0,tankbattle
takezoe:xlsbeans,https://github.com/takezoe/xlsbeans.git,b4a511f,xlsbeans
DaanVanYperen:artemis-odb-contrib,https://github.com/DaanVanYperen/artemis-odb-contrib.git,19c06f0,artemis-odb-contrib
danielwegener:logback-kafka-appender,https://github.com/danielwegener/logback-kafka-appender.git,175e088,logback-kafka-appender
houbb:opencc4j,https://github.com/houbb/opencc4j.git,289c54d,opencc4j
USCDataScience:sparkler,https://github.com/USCDataScience/sparkler.git,5c22013,sparkler
dogecoin:libdohj,https://github.com/dogecoin/libdohj.git,889ff26e,libdohj
mycila:pubsub,https://github.com/mycila/pubsub.git,c393035,pubsub
knowm:dropwizard-sundial,https://github.com/knowm/dropwizard-sundial.git,c208722,dropwizard-sundial
paypal:resteasy-spring-boot,https://github.com/paypal/resteasy-spring-boot.git,47d2f8a,resteasy-spring-boot
valid4j:valid4j,https://github.com/valid4j/valid4j.git,2f3dd5e,valid4j
Fundynamic:dune2themaker4j,https://github.com/Fundynamic/dune2themaker4j.git,8efc1618,dune2themaker4j
constretto:constretto-core,https://github.com/constretto/constretto-core.git,dbfd210,constretto-core
ihaolin:wechat,https://github.com/ihaolin/wechat.git,57867a0,wechat
ashish-chopra:Structures,https://github.com/ashish-chopra/Structures.git,ce0a8f1,Structures
javabeanz:owasp-security-logging,https://github.com/javabeanz/owasp-security-logging.git,060dcb1,owasp-security-logging
lviggiano:owner,https://github.com/lviggiano/owner.git,3cfeeb5,owner
nutzam:nutzboot,https://github.com/nutzam/nutzboot.git,ce6d1139,nutzboot
QianmiOpen:spring-boot-starter-rocketmq,https://github.com/QianmiOpen/spring-boot-starter-rocketmq.git,97ee466,spring-boot-starter-rocketmq
jcgay:send-notification,https://github.com/jcgay/send-notification.git,ed4027a,send-notification
petterobam:sqlite-oop,https://github.com/petterobam/sqlite-oop.git,947ba92,sqlite-oop
kakawait:cas-security-spring-boot-starter,https://github.com/kakawait/cas-security-spring-boot-starter.git,857685a,cas-security-spring-boot-starter
charite:jannovar,https://github.com/charite/jannovar.git,617064d0,jannovar
yahoo:yql-plus,https://github.com/yahoo/yql-plus.git,e98eb33,yql-plus
GeneralElectric:snowizard,https://github.com/GeneralElectric/snowizard.git,307fdf1,snowizard
faljse:SDNotify,https://github.com/faljse/SDNotify.git,f26960a,SDNotify
greengerong:prerender-java,https://github.com/greengerong/prerender-java.git,f7fc7a5,prerender-java
Kaysoro:KaellyBot,https://github.com/Kaysoro/KaellyBot.git,ef88748,KaellyBot
odavid:maven-plugins,https://github.com/odavid/maven-plugins.git,d1c013a,maven-plugins
netplex:json-smart-v2,https://github.com/netplex/json-smart-v2.git,bfb3dae,json-smart-v2
kawhii:sso,https://github.com/kawhii/sso.git,3f163a3,sso
adridadou:eth-contract-api,https://github.com/adridadou/eth-contract-api.git,1c88d27,eth-contract-api
outbrain:Aletheia,https://github.com/outbrain/Aletheia.git,e0300e5,Aletheia
skuzzle:restrict-imports-enforcer-rule,https://github.com/skuzzle/restrict-imports-enforcer-rule.git,b3ba8f0,restrict-imports-enforcer-rule
jcabi:jcabi-aether,https://github.com/jcabi/jcabi-aether.git,56de832,jcabi-aether
ppiastucki:recast4j,https://github.com/ppiastucki/recast4j.git,6337610,recast4j
ExampleDriven:spring-cloud-eureka-example,https://github.com/ExampleDriven/spring-cloud-eureka-example.git,ca603d3,spring-cloud-eureka-example
tking:JSTUN,https://github.com/tking/JSTUN.git,6516d37,JSTUN
phax:ph-css,https://github.com/phax/ph-css.git,d8acddf,ph-css
AuthorizeNet:sdk-java,https://github.com/AuthorizeNet/sdk-java.git,94492cf,sdk-java
domclick:spring-flow-statemachine,https://github.com/domclick/spring-flow-statemachine.git,2f59751,spring-flow-statemachine
microsoft:botbuilder-java,https://github.com/microsoft/botbuilder-java.git,c0060f6,botbuilder-java
radkovo:jStyleParser,https://github.com/radkovo/jStyleParser.git,c62ba6b,jStyleParser
zycgit:hasor,https://github.com/zycgit/hasor.git,c6b36d711,hasor
FasterXML:aalto-xml,https://github.com/FasterXML/aalto-xml.git,8888233,aalto-xml
hdiv:hdiv,https://github.com/hdiv/hdiv.git,2574009f,hdiv
cassiomolin:jersey-jwt-springsecurity,https://github.com/cassiomolin/jersey-jwt-springsecurity.git,54a8fec,jersey-jwt-springsecurity
junkdog:artemis-odb,https://github.com/junkdog/artemis-odb.git,859790b1,artemis-odb
FasterXML:jackson-datatypes-collections,https://github.com/FasterXML/jackson-datatypes-collections.git,66f7307,jackson-datatypes-collections
yahoo:egads,https://github.com/yahoo/egads.git,eb6c6e4,egads
lukas-krecan:json2xml,https://github.com/lukas-krecan/json2xml.git,1ca16ef,json2xml
e-biz:spring-dbunit,https://github.com/e-biz/spring-dbunit.git,1ec5122,spring-dbunit
Devskiller:friendly-id,https://github.com/Devskiller/friendly-id.git,bc42734,friendly-id
mp911de:microbenchmark-runner,https://github.com/mp911de/microbenchmark-runner.git,da0e12e,microbenchmark-runner
wvengen:proguard-maven-plugin,https://github.com/wvengen/proguard-maven-plugin.git,02e47c0,proguard-maven-plugin
Cognifide:Slice,https://github.com/Cognifide/Slice.git,382453c,Slice
anthonyu:KeptCollections,https://github.com/anthonyu/KeptCollections.git,d235163,KeptCollections
smartcat-labs:berserker,https://github.com/smartcat-labs/berserker.git,1019462,berserker
panda-lang:light,https://github.com/panda-lang/light.git,0e71e69,light
tennaito:rsql-jpa,https://github.com/tennaito/rsql-jpa.git,7458a9e,rsql-jpa
graphhopper:jsprit,https://github.com/graphhopper/jsprit.git,74c3c683,jsprit
astrapi69:jgeohash,https://github.com/astrapi69/jgeohash.git,083f5fe,jgeohash
zhicwu:cassandra-jdbc-driver,https://github.com/zhicwu/cassandra-jdbc-driver.git,0950534,cassandra-jdbc-driver
bonnyfone:vectalign,https://github.com/bonnyfone/vectalign.git,3393c5e,vectalign
lpradel:steam-web-api-java,https://github.com/lpradel/steam-web-api-java.git,6299bf2,steam-web-api-java
JOML-CI:JOML,https://github.com/JOML-CI/JOML.git,749a03f6,JOML
fizzed:rocker,https://github.com/fizzed/rocker.git,8b73c49,rocker
iMouseWu:limiter,https://github.com/iMouseWu/limiter.git,b647063,limiter
codelion:gramtest,https://github.com/codelion/gramtest.git,74c14fb,gramtest
Nepxion:Skeleton,https://github.com/Nepxion/Skeleton.git,07f67f4,Skeleton
domaframework:doma-spring-boot,https://github.com/domaframework/doma-spring-boot.git,8740ce8,doma-spring-boot
jenkinsci:ansicolor-plugin,https://github.com/jenkinsci/ansicolor-plugin.git,bb959c3,ansicolor-plugin
GameUnion:ServerCore,https://github.com/GameUnion/ServerCore.git,3edd57b,ServerCore
damianszczepanik:cucumber-reporting,https://github.com/damianszczepanik/cucumber-reporting.git,b56fd08,cucumber-reporting
martinpaljak:apdu4j,https://github.com/martinpaljak/apdu4j.git,dad558c,apdu4j
super-csv:super-csv,https://github.com/super-csv/super-csv.git,f18db72,super-csv
wultra:powerauth-crypto,https://github.com/wultra/powerauth-crypto.git,b749ba7,powerauth-crypto
zhihuili:flower,https://github.com/zhihuili/flower.git,189b17d,flower
patrickfav:indoor-positioning,https://github.com/patrickfav/indoor-positioning.git,65417d5,indoor-positioning
Kotlin:kotlinx-lincheck,https://github.com/Kotlin/kotlinx-lincheck.git,ceb2526,kotlinx-lincheck
jirutka:validator-collection,https://github.com/jirutka/validator-collection.git,df45b07,validator-collection
easymock:easymock,https://github.com/easymock/easymock.git,45bbfb1a,easymock
vidageek:crawler,https://github.com/vidageek/crawler.git,21b953b,crawler
baomidou:mybatis-plus-samples,https://github.com/baomidou/mybatis-plus-samples.git,7a8f2fe,mybatis-plus-samples
vbauer:jconditions,https://github.com/vbauer/jconditions.git,c5816a8,jconditions
OpenNMS:newts,https://github.com/OpenNMS/newts.git,6220137,newts
cardillo:joinery,https://github.com/cardillo/joinery.git,026a7f9,joinery
logstash:log4j-jsonevent-layout,https://github.com/logstash/log4j-jsonevent-layout.git,6fe6dcd,log4j-jsonevent-layout
zhoutaoo:SpringCloud,https://github.com/zhoutaoo/SpringCloud.git,e76c960,SpringCloud
sofastack:sofa-common-tools,https://github.com/sofastack/sofa-common-tools.git,1e61e64,sofa-common-tools
eBay:jsonex,https://github.com/eBay/jsonex.git,6003a78,jsonex
arnaudroger:SimpleFlatMapper,https://github.com/arnaudroger/SimpleFlatMapper.git,3c820a1b4,SimpleFlatMapper
vert-x3:vertx-codegen,https://github.com/vert-x3/vertx-codegen.git,c78e973,vertx-codegen
harishreedharan:usingflumecode,https://github.com/harishreedharan/usingflumecode.git,dd02721,usingflumecode
apache:opennlp,https://github.com/apache/opennlp.git,33f37900,opennlp
salesforce:dockerfile-image-update,https://github.com/salesforce/dockerfile-image-update.git,5ca0342,dockerfile-image-update
jfaster:mango,https://github.com/jfaster/mango.git,b2605fd,mango
MoriTanosuke:glacieruploader,https://github.com/MoriTanosuke/glacieruploader.git,291f5b1,glacieruploader
java-diff-utils:java-diff-utils,https://github.com/java-diff-utils/java-diff-utils.git,17eced9,java-diff-utils
binarywang:java-testdata-generator,https://github.com/binarywang/java-testdata-generator.git,16b05fb,java-testdata-generator
daniel-cottone:Cerberus,https://github.com/daniel-cottone/Cerberus.git,0db4336,Cerberus
syhily:elasticsearch-jdbc,https://github.com/syhily/elasticsearch-jdbc.git,3c128c5,elasticsearch-jdbc
artsok:rerunner-jupiter,https://github.com/artsok/rerunner-jupiter.git,b789c87,rerunner-jupiter
knowm:XChart,https://github.com/knowm/XChart.git,63a452fb,XChart
devnied:EMV-NFC-Paycard-Enrollment,https://github.com/devnied/EMV-NFC-Paycard-Enrollment.git,bfbd396,EMV-NFC-Paycard-Enrollment
mongobee:mongobee,https://github.com/mongobee/mongobee.git,4e1ec5e,mongobee
apache:incubator-datasketches-java,https://github.com/apache/incubator-datasketches-java.git,37b9336b,incubator-datasketches-java
spotify:java-hamcrest,https://github.com/spotify/java-hamcrest.git,79b439d,java-hamcrest
apache:commons-validator,https://github.com/apache/commons-validator.git,6376aa9b,commons-validator
red6:pdfcompare,https://github.com/red6/pdfcompare.git,9ab1948,pdfcompare
lightoze:gwt-i18n-server,https://github.com/lightoze/gwt-i18n-server.git,96de532,gwt-i18n-server
sachin-handiekar:jMusixMatch,https://github.com/sachin-handiekar/jMusixMatch.git,da909f7,jMusixMatch
YahooArchive:gondola,https://github.com/YahooArchive/gondola.git,b27a3af,gondola
miwurster:spring-data-influxdb,https://github.com/miwurster/spring-data-influxdb.git,a29fc9e,spring-data-influxdb
yzsunlei:xmall,https://github.com/yzsunlei/xmall.git,d2d3ce3,xmall
atomix:catalyst,https://github.com/atomix/catalyst.git,140e762,catalyst
OKaluzny:springboot-rest-api-angularjs-https,https://github.com/OKaluzny/springboot-rest-api-angularjs-https.git,d057f4b,springboot-rest-api-angularjs-https
code4craft:webmagic,https://github.com/code4craft/webmagic.git,be892b8,webmagic
decorators-squad:eo-yaml,https://github.com/decorators-squad/eo-yaml.git,8155afa,eo-yaml
zalando-stups:swagger-codegen-tooling,https://github.com/zalando-stups/swagger-codegen-tooling.git,7249d00,swagger-codegen-tooling
actframework:actframework,https://github.com/actframework/actframework.git,40184da7,actframework
whizzosoftware:WZWave,https://github.com/whizzosoftware/WZWave.git,b5a3378,WZWave
gncloud:fastcatsearch,https://github.com/gncloud/fastcatsearch.git,6ff10524,fastcatsearch
hermannpencole:nifi-config,https://github.com/hermannpencole/nifi-config.git,062583a,nifi-config
sculptor:sculptor,https://github.com/sculptor/sculptor.git,9c930cae,sculptor
NanoHttpd:nanohttpd,https://github.com/NanoHttpd/nanohttpd.git,efb2ebf,nanohttpd
jonashackt:spring-boot-rest-clientcertificate,https://github.com/jonashackt/spring-boot-rest-clientcertificate.git,9a2d087,spring-boot-rest-clientcertificate
jpmml:jpmml-model,https://github.com/jpmml/jpmml-model.git,9983d5a,jpmml-model
mdeinum:spring-utils,https://github.com/mdeinum/spring-utils.git,2efa118,spring-utils
rnorth:visible-assertions,https://github.com/rnorth/visible-assertions.git,6d7a772,visible-assertions
trekawek:toxiproxy-java,https://github.com/trekawek/toxiproxy-java.git,9613ea6,toxiproxy-java
drtrang:Copiers,https://github.com/drtrang/Copiers.git,775b2bc,Copiers
francisdb:serviceloader-maven-plugin,https://github.com/francisdb/serviceloader-maven-plugin.git,521a467,serviceloader-maven-plugin
zeebe-io:spring-zeebe,https://github.com/zeebe-io/spring-zeebe.git,c2f662f,spring-zeebe
Antibrumm:jackson-antpathfilter,https://github.com/Antibrumm/jackson-antpathfilter.git,9425b3f,jackson-antpathfilter
KengoTODA:what-is-maven,https://github.com/KengoTODA/what-is-maven.git,4fccd47,what-is-maven
dka23:gitlab-github-proxy,https://github.com/dka23/gitlab-github-proxy.git,31b384e,gitlab-github-proxy
usdot-jpo-ode:jpo-ode,https://github.com/usdot-jpo-ode/jpo-ode.git,5806eb1a,jpo-ode
miltonio:milton2,https://github.com/miltonio/milton2.git,8af28c80,milton2
Sayi:swagger-dubbo,https://github.com/Sayi/swagger-dubbo.git,f477dfd,swagger-dubbo
phax:ph-ubl,https://github.com/phax/ph-ubl.git,49dc15a,ph-ubl
susom:database,https://github.com/susom/database.git,04cb58b,database
TFdream:cherry,https://github.com/TFdream/cherry.git,030f22f,cherry
soleaf:ErRabbit,https://github.com/soleaf/ErRabbit.git,07784a9,ErRabbit
Sayi:swagger-diff,https://github.com/Sayi/swagger-diff.git,b4ea0b5,swagger-diff
thelinmichael:spotify-web-api-java,https://github.com/thelinmichael/spotify-web-api-java.git,1e767cef,spotify-web-api-java
hoijui:JavaOSC,https://github.com/hoijui/JavaOSC.git,c14f725,JavaOSC
patriques82:alphavantage4j,https://github.com/patriques82/alphavantage4j.git,bcc8fce,alphavantage4j
sematext:solr-redis,https://github.com/sematext/solr-redis.git,a0439f7,solr-redis
astefanutti:metrics-cdi,https://github.com/astefanutti/metrics-cdi.git,1d14609,metrics-cdi
davidmoten:rtree,https://github.com/davidmoten/rtree.git,569cf17,rtree
spdx:tools,https://github.com/spdx/tools.git,783710fb,tools
yidasanqian:dynamic-add-date,https://github.com/yidasanqian/dynamic-add-date.git,69d13b8,dynamic-add-date
OneBusAway:onebusaway-alexa,https://github.com/OneBusAway/onebusaway-alexa.git,2fcf0aa,onebusaway-alexa
neoremind:fluent-validator,https://github.com/neoremind/fluent-validator.git,b516970,fluent-validator
alexec:docker-maven-plugin,https://github.com/alexec/docker-maven-plugin.git,743fa72,docker-maven-plugin
deric:gitlab-ci-mesos,https://github.com/deric/gitlab-ci-mesos.git,3b78739,gitlab-ci-mesos
j-easy:easy-props,https://github.com/j-easy/easy-props.git,ab21b92,easy-props
stoicflame:ofx4j,https://github.com/stoicflame/ofx4j.git,9315ca3,ofx4j
kdkanishka:Virustotal-Public-API-V2.0-Client,https://github.com/kdkanishka/Virustotal-Public-API-V2.0-Client.git,cff6279,Virustotal-Public-API-V2.0-Client
trekawek:coffee-gb,https://github.com/trekawek/coffee-gb.git,088b86f,coffee-gb
ef-labs:stash-hook-mirror,https://github.com/ef-labs/stash-hook-mirror.git,f1e3a44,stash-hook-mirror
gini:dropwizard-gelf,https://github.com/gini/dropwizard-gelf.git,07e0094,dropwizard-gelf
WorksApplications:elasticsearch-sudachi,https://github.com/WorksApplications/elasticsearch-sudachi.git,b20c366,elasticsearch-sudachi
magja:magja,https://github.com/magja/magja.git,ba51bf2,magja
mkobos:pca_transform,https://github.com/mkobos/pca_transform.git,0f73f44,pca_transform
ripreal:V8LogScanner,https://github.com/ripreal/V8LogScanner.git,37a5aee,V8LogScanner
vbauer:herald,https://github.com/vbauer/herald.git,ea8ad26,herald
salyh:javamail-mock2,https://github.com/salyh/javamail-mock2.git,73266c1,javamail-mock2
xuminwlt:j360-dubbo-app-all,https://github.com/xuminwlt/j360-dubbo-app-all.git,fc32b0b,j360-dubbo-app-all
j-easy:easy-random,https://github.com/j-easy/easy-random.git,d34a7550,easy-random
wmz7year:Thrift-Connection-Pool,https://github.com/wmz7year/Thrift-Connection-Pool.git,664df53,Thrift-Connection-Pool
lanyonm:playground,https://github.com/lanyonm/playground.git,c0c50b6,playground
magro:kryo-serializers,https://github.com/magro/kryo-serializers.git,cc89b03,kryo-serializers
poetix:octarine,https://github.com/poetix/octarine.git,b365040,octarine
awaitility:awaitility,https://github.com/awaitility/awaitility.git,99959ea,awaitility
maihaoche:rocketmq-spring-boot-starter,https://github.com/maihaoche/rocketmq-spring-boot-starter.git,564c26b,rocketmq-spring-boot-starter
mast-group:sequence-mining,https://github.com/mast-group/sequence-mining.git,fd1ab46,sequence-mining
square:rack-servlet,https://github.com/square/rack-servlet.git,9d480e4,rack-servlet
robert-bor:CSVeed,https://github.com/robert-bor/CSVeed.git,6ecb580,CSVeed
leonchen83:redis-rdb-cli,https://github.com/leonchen83/redis-rdb-cli.git,36b7ad2,redis-rdb-cli
web3j:web3j-maven-plugin,https://github.com/web3j/web3j-maven-plugin.git,48c5be9,web3j-maven-plugin
GrammarViz2:grammarviz2_src,https://github.com/GrammarViz2/grammarviz2_src.git,db4c7dd,grammarviz2_src
gabrie-allaigre:sonar-gitlab-plugin,https://github.com/gabrie-allaigre/sonar-gitlab-plugin.git,1a6b207,sonar-gitlab-plugin
j-easy:easy-batch,https://github.com/j-easy/easy-batch.git,bc1683c6,easy-batch
mojohaus:exec-maven-plugin,https://github.com/mojohaus/exec-maven-plugin.git,7c8c61f,exec-maven-plugin
mojohaus:extra-enforcer-rules,https://github.com/mojohaus/extra-enforcer-rules.git,04bfb54,extra-enforcer-rules
symphonyoss:symphony-java-client,https://github.com/symphonyoss/symphony-java-client.git,d091ebe,symphony-java-client
EsotericSoftware:reflectasm,https://github.com/EsotericSoftware/reflectasm.git,c86a421,reflectasm
apache:incubator-tamaya,https://github.com/apache/incubator-tamaya.git,b3c2820e,incubator-tamaya
wihoho:FaceRecognition,https://github.com/wihoho/FaceRecognition.git,df9471c,FaceRecognition
yammer:dropwizard-auth-ldap,https://github.com/yammer/dropwizard-auth-ldap.git,5e46b80,dropwizard-auth-ldap
raphw:guava-cache-overflow-extension,https://github.com/raphw/guava-cache-overflow-extension.git,befa47b,guava-cache-overflow-extension
Adobe-Consulting-Services:acs-aem-commons,https://github.com/Adobe-Consulting-Services/acs-aem-commons.git,cf40cb130,acs-aem-commons
httpcache4j:httpcache4j,https://github.com/httpcache4j/httpcache4j.git,9c07ebd,httpcache4j
minwan1:spring-security-oauth2-example,https://github.com/minwan1/spring-security-oauth2-example.git,205461b,spring-security-oauth2-example
klieber:phantomjs-maven-plugin,https://github.com/klieber/phantomjs-maven-plugin.git,7ec6526,phantomjs-maven-plugin
zapodot:embedded-db-junit,https://github.com/zapodot/embedded-db-junit.git,913a338,embedded-db-junit
excelsior-oss:restler,https://github.com/excelsior-oss/restler.git,58efcff,restler
tcurdt:jdeb,https://github.com/tcurdt/jdeb.git,004778c,jdeb
FlexTradeUKLtd:jfixture,https://github.com/FlexTradeUKLtd/jfixture.git,16fc989,jfixture
velo:feign-mock,https://github.com/velo/feign-mock.git,b91e135,feign-mock
3wks:thundr,https://github.com/3wks/thundr.git,13ee04f,thundr
vert-x3:vertx-kafka-client,https://github.com/vert-x3/vertx-kafka-client.git,5672638,vertx-kafka-client
jhalterman:sarge,https://github.com/jhalterman/sarge.git,c192876,sarge
extjwnl:extjwnl,https://github.com/extjwnl/extjwnl.git,0e76b5f,extjwnl
sterodium:selenium-grid-extensions,https://github.com/sterodium/selenium-grid-extensions.git,407cde0,selenium-grid-extensions
burtcorp:jmespath-java,https://github.com/burtcorp/jmespath-java.git,f119644,jmespath-java
unic:neba,https://github.com/unic/neba.git,b23a80f4,neba
jenkinsci:github-plugin,https://github.com/jenkinsci/github-plugin.git,7549b07,github-plugin
drallieiv:KinanCity,https://github.com/drallieiv/KinanCity.git,033c239,KinanCity
FasterXML:jackson-modules-base,https://github.com/FasterXML/jackson-modules-base.git,90d3527,jackson-modules-base
netceteragroup:valdr-bean-validation,https://github.com/netceteragroup/valdr-bean-validation.git,fdd07fa,valdr-bean-validation
mybatis:freemarker-scripting,https://github.com/mybatis/freemarker-scripting.git,222cf2d,freemarker-scripting
jeevatkm:excelReader,https://github.com/jeevatkm/excelReader.git,87f4514,excelReader
forgemo:bittrex-java-client,https://github.com/forgemo/bittrex-java-client.git,1615aab,bittrex-java-client
protegeproject:swrlapi,https://github.com/protegeproject/swrlapi.git,60bebd4,swrlapi
gitbucket:markedj,https://github.com/gitbucket/markedj.git,5591594,markedj
binarywang:qrcode-utils,https://github.com/binarywang/qrcode-utils.git,cef3010,qrcode-utils
garethjevans:swagger-codegen-maven-plugin,https://github.com/garethjevans/swagger-codegen-maven-plugin.git,87cdeae,swagger-codegen-maven-plugin
spotify:netty-zmtp,https://github.com/spotify/netty-zmtp.git,bbdcf4c,netty-zmtp
ganshane:shakey,https://github.com/ganshane/shakey.git,f6938bd,shakey
dianbaer:grain,https://github.com/dianbaer/grain.git,02f61fe,grain
fergarrui:custom-bytecode-analyzer,https://github.com/fergarrui/custom-bytecode-analyzer.git,e907055,custom-bytecode-analyzer
jcabi:jcabi-github,https://github.com/jcabi/jcabi-github.git,eb340c35,jcabi-github
jpmml:jpmml-evaluator,https://github.com/jpmml/jpmml-evaluator.git,cb7743d6,jpmml-evaluator
pholser:junit-quickcheck,https://github.com/pholser/junit-quickcheck.git,e0f51f9e,junit-quickcheck
vladimir-bukhtoyarov:rolling-metrics,https://github.com/vladimir-bukhtoyarov/rolling-metrics.git,7365724,rolling-metrics
javaparser:javaparser,https://github.com/javaparser/javaparser.git,213e03233,javaparser
fmtn:a,https://github.com/fmtn/a.git,db0e5c7,a
ops4j:org.ops4j.pax.wicket,https://github.com/ops4j/org.ops4j.pax.wicket.git,ef7cb4bd,org.ops4j.pax.wicket
sofastack:sofa-jarslink,https://github.com/sofastack/sofa-jarslink.git,de8d7c2,sofa-jarslink
timschlechter:swagger-for-elasticsearch,https://github.com/timschlechter/swagger-for-elasticsearch.git,e8a3ccb,swagger-for-elasticsearch
smartcat-labs:cassandra-migration-tool-java,https://github.com/smartcat-labs/cassandra-migration-tool-java.git,790a058,cassandra-migration-tool-java
google:closure-compiler,https://github.com/google/closure-compiler.git,636e4fa5f,closure-compiler
dropwizard:dropwizard-java8,https://github.com/dropwizard/dropwizard-java8.git,d3fec0b,dropwizard-java8
RUB-NDS:BurpSSOExtension,https://github.com/RUB-NDS/BurpSSOExtension.git,b3eab65,BurpSSOExtension
Comcast:jrugged,https://github.com/Comcast/jrugged.git,1c549de,jrugged
Workday:timeseries-forecast,https://github.com/Workday/timeseries-forecast.git,9a22eaa,timeseries-forecast
stratosphere:stratosphere,https://github.com/stratosphere/stratosphere.git,c543a08f9,stratosphere
twitter-archive:libcrunch,https://github.com/twitter-archive/libcrunch.git,90ec26e,libcrunch
afrunt:jach,https://github.com/afrunt/jach.git,46af134,jach
victims:maven-security-versions,https://github.com/victims/maven-security-versions.git,16882bc,maven-security-versions
gephi:gephi,https://github.com/gephi/gephi.git,56b8733f0,gephi
SonarSource:sslr,https://github.com/SonarSource/sslr.git,5e11b703,sslr
hoverruan:weiboclient4j,https://github.com/hoverruan/weiboclient4j.git,80556b1,weiboclient4j
yammer:breakerbox,https://github.com/yammer/breakerbox.git,ac6960b,breakerbox
bdupras:guava-probably,https://github.com/bdupras/guava-probably.git,fb1fe7c,guava-probably
beanshell:beanshell,https://github.com/beanshell/beanshell.git,bd63c84,beanshell
Backelite:sonar-swift,https://github.com/Backelite/sonar-swift.git,ce334b7,sonar-swift
raphw:byte-buddy,https://github.com/raphw/byte-buddy.git,ae14ba1ea4,byte-buddy
paukiatwee:budgetapp,https://github.com/paukiatwee/budgetapp.git,2e1ab81,budgetapp
xdrop:fuzzywuzzy,https://github.com/xdrop/fuzzywuzzy.git,1979f16,fuzzywuzzy
davidmoten:rxjava-extras,https://github.com/davidmoten/rxjava-extras.git,a91d2ba,rxjava-extras
featurecat:lizzie,https://github.com/featurecat/lizzie.git,e485f73,lizzie
ghillert:spring-batch-integration-sample,https://github.com/ghillert/spring-batch-integration-sample.git,5ab460e,spring-batch-integration-sample
jmrozanec:cron-utils,https://github.com/jmrozanec/cron-utils.git,4177f30,cron-utils
blueshen:ik-analyzer,https://github.com/blueshen/ik-analyzer.git,b2adf0c,ik-analyzer
realrolfje:anonimatron,https://github.com/realrolfje/anonimatron.git,c16e69b,anonimatron
coveooss:saml-client,https://github.com/coveooss/saml-client.git,8e81cd4,saml-client
spotify:missinglink,https://github.com/spotify/missinglink.git,74b71c2,missinglink
KittehOrg:KittehIRCClientLib,https://github.com/KittehOrg/KittehIRCClientLib.git,7eb978a9,KittehIRCClientLib
Archistar:archistar-smc,https://github.com/Archistar/archistar-smc.git,b39dbd0,archistar-smc
aaronshan:presto-third-functions,https://github.com/aaronshan/presto-third-functions.git,8bccc8f,presto-third-functions
jeremiehuchet:nominatim-java-api,https://github.com/jeremiehuchet/nominatim-java-api.git,214222f,nominatim-java-api
JakubDziworski:Enkel-JVM-language,https://github.com/JakubDziworski/Enkel-JVM-language.git,1527076,Enkel-JVM-language
etsy:arbiter,https://github.com/etsy/arbiter.git,166f99f,arbiter
mojohaus:rpm-maven-plugin,https://github.com/mojohaus/rpm-maven-plugin.git,9d66d4d,rpm-maven-plugin
terasolunaorg:terasoluna-gfw,https://github.com/terasolunaorg/terasoluna-gfw.git,62d27bed,terasoluna-gfw
microservices-demo:orders,https://github.com/microservices-demo/orders.git,f8988a3,orders
jsimone:webapp-runner,https://github.com/jsimone/webapp-runner.git,ddbc5cf,webapp-runner
m4rciosouza:ponto-inteligente-api,https://github.com/m4rciosouza/ponto-inteligente-api.git,bc611b3,ponto-inteligente-api
danielflower:maven-gitlog-plugin,https://github.com/danielflower/maven-gitlog-plugin.git,23d6b6e,maven-gitlog-plugin
wxisme:bloomfilter,https://github.com/wxisme/bloomfilter.git,200870b,bloomfilter
dzikoysk:pandomium,https://github.com/dzikoysk/pandomium.git,4d730c2,pandomium
VisualDataWeb:OWL2VOWL,https://github.com/VisualDataWeb/OWL2VOWL.git,788adbb,OWL2VOWL
google:acai,https://github.com/google/acai.git,4fa48f2,acai
mailjet:mailjet-apiv3-java,https://github.com/mailjet/mailjet-apiv3-java.git,e9b4a41,mailjet-apiv3-java
bfwg:springboot-jwt-starter,https://github.com/bfwg/springboot-jwt-starter.git,7040069,springboot-jwt-starter
mast-group:api-mining,https://github.com/mast-group/api-mining.git,f8829c3,api-mining
liaochong:myexcel,https://github.com/liaochong/myexcel.git,434742a,myexcel
OpenPojo:openpojo,https://github.com/OpenPojo/openpojo.git,2b47c39e,openpojo
mybatis:velocity-scripting,https://github.com/mybatis/velocity-scripting.git,e709d27,velocity-scripting
nativelibs4java:JNAerator,https://github.com/nativelibs4java/JNAerator.git,ac73c9e,JNAerator
zalando:problem,https://github.com/zalando/problem.git,2e5ae5b,problem
owlike:genson,https://github.com/owlike/genson.git,76788c4b,genson
basho:riak-java-client,https://github.com/basho/riak-java-client.git,bed6cd60,riak-java-client
cucumber:cucumber-jvm,https://github.com/cucumber/cucumber-jvm.git,2b0b9151d,cucumber-jvm
penglongli:PBlog,https://github.com/penglongli/PBlog.git,6824591,PBlog
alexvictoor:web-logback,https://github.com/alexvictoor/web-logback.git,51c0149,web-logback
sofastack:sofa-hessian,https://github.com/sofastack/sofa-hessian.git,ea205b4,sofa-hessian
fabiomaffioletti:jsondoc,https://github.com/fabiomaffioletti/jsondoc.git,de5bd00,jsondoc
vietj:retrofit-vertx,https://github.com/vietj/retrofit-vertx.git,ed22e3d,retrofit-vertx
notnoop:java-apns,https://github.com/notnoop/java-apns.git,180a190,java-apns
zxing:zxing,https://github.com/zxing/zxing.git,7b560929,zxing
TridentSDK:TridentSDK,https://github.com/TridentSDK/TridentSDK.git,c60da34d,TridentSDK
leangen:graphql-spqr,https://github.com/leangen/graphql-spqr.git,cdd5223,graphql-spqr
siom79:jdrivesync,https://github.com/siom79/jdrivesync.git,95aaadc,jdrivesync
forcedotcom:ApexUnit,https://github.com/forcedotcom/ApexUnit.git,c87ac36,ApexUnit
j-easy:easy-flows,https://github.com/j-easy/easy-flows.git,41ec8cd,easy-flows
tiagobento:watertemplate-engine,https://github.com/tiagobento/watertemplate-engine.git,5d979b9,watertemplate-engine
makersoft:mybatis-shards,https://github.com/makersoft/mybatis-shards.git,7f8875f,mybatis-shards
prometheus:client_java,https://github.com/prometheus/client_java.git,f3f6985,client_java
keepcosmos:beanmother,https://github.com/keepcosmos/beanmother.git,5c00d9b,beanmother
opennars:opennars,https://github.com/opennars/opennars.git,6cfc1bc3,opennars
ribasco:async-gamequery-lib,https://github.com/ribasco/async-gamequery-lib.git,f339f0957,async-gamequery-lib
uartois:sonar-golang,https://github.com/uartois/sonar-golang.git,c57c5ba,sonar-golang
jMotif:sax-vsm_classic,https://github.com/jMotif/sax-vsm_classic.git,c72e4e5,sax-vsm_classic
oracle:weblogic-monitoring-exporter,https://github.com/oracle/weblogic-monitoring-exporter.git,00990a9,weblogic-monitoring-exporter
cloudyrock:mongock,https://github.com/cloudyrock/mongock.git,a2b0f91,mongock
clouway:oauth2-server,https://github.com/clouway/oauth2-server.git,cf7e0e2,oauth2-server
ssaarela:javersion,https://github.com/ssaarela/javersion.git,f414588,javersion
oracle:oci-java-sdk,https://github.com/oracle/oci-java-sdk.git,8bb40e55,oci-java-sdk
opentelecoms-org:jsmpp,https://github.com/opentelecoms-org/jsmpp.git,f4f7bd9,jsmpp
geftimov:hadoop-map-reduce-patterns,https://github.com/geftimov/hadoop-map-reduce-patterns.git,5cfa050,hadoop-map-reduce-patterns
twilio:twilio-java,https://github.com/twilio/twilio-java.git,51610217d,twilio-java
apereo:java-cas-client,https://github.com/apereo/java-cas-client.git,fd176bc,java-cas-client
